s,e,i,r,i0,r0,e->i_mean,e->i_dispersion,e->i_prob,e->i0_mean,e->i0_dispersion,e->i0_prob,i->r_mean,i->r_dispersion,i->r_prob,i0->r0_mean,i0->r0_dispersion,i0->r0_prob,s->e:i_R_0,s->e:i0_R_0,passive_watcher,is_difference,compartments,eta_threshold,q_estimated,realizations,0,1,2,3,4,5,6,7,8,9,10,11,12,13,14,15,16,17,18,19,20,21,22,23,24,25,26,27,28,29,30,31,32,33,34,35,36,37,38,39,40,41,42,43,44,45,46,47,48,49,50,51,52,53,54,55,56,57,58,59,60,61,62,63,64,65,66,67,68,69,70,71,72,73,74,75,76,77,78,79,80,81,82,83,84,85,86,87,88,89,90,91,92,93,94,95,96,97,98,99,100,101,102,103,104,105,106,107,108,109,110,111,112,113,114,115,116,117,118,119,120,121,122,123,124,125,126,127,128,129,130,131,132,133,134,135,136,137,138,139,140,141,142,143,144,145,146,147,148,149,150,151,152,153,154,155,156,157,158,159,160,161,162,163,164,165,166,167,168,169,170,171,172,173,174,175,176,177,178,179,180,181,182,183,184,185,186,187,188,189,190,191,192,193,194,195,196,197,198,199,200,201,202,203,204,205,206,207,208,209,210,211,212,213,214,215,216,217,218,219,220,221,222,223,224,225,226,227,228,229,230,231,232,233,234,235,236,237,238,239,240,241,242,243,244,245,246,247,248,249,250,251,252,253,254,255,256,257,258,259,260,261,262,263,264,265,266,267,268,269,270,271,272,273,274,275,276,277,278,279,280,281,282,283,284,285,286,287,288
1000000,1,0,0,0,0,3.5,4.0,0.6,3.5,4.0,0.4,5.5,0.3,1.0,5.5,0.3,1.0,2.0,2.0,integer_times,1,i+r,29,0.7358341038171972,10000,0,0,0,0,0,0,0,0,0,0,0,0,0,0,0,0,0,0,0,0,0,0,0,0,0,0,0,0,0,0,0,0,0,0,0,0,0,0,0,0,0,0,0,0,0,0,0,0,0,0,1,0,3,5,7,9,6,14,20,25,26,39,55,63,82,73,86,105,114,123,131,139,157,178,204,214,230,213,220,252,236,217,257,253,282,254,241,255,206,245,249,208,197,210,224,172,181,173,188,155,158,143,137,129,120,139,117,105,102,111,103,80,83,82,70,70,70,66,47,37,44,46,57,44,50,32,35,38,46,26,21,26,18,20,12,12,25,9,15,18,18,10,12,18,18,14,9,1,10,10,2,9,6,8,4,8,4,5,5,1,3,3,6,2,1,5,2,0,1,1,2,4,3,2,1,4,3,0,3,0,1,2,1,0,0,2,0,1,0,1,1,2,0,1,0,0,1,1,1,0,0,0,2,0,1,0,0,0,0,0,1,0,1,0,1,0,0,0,0,1,0,0,0,0,0,0,0,0,0,0,0,0,0,0,0,0,0,0,0,0,0,0,0,0,0,0,0,0,0,0,0,0,0,0,0,0,0,0,0,0,0,0,0,0,0,0,0,0,0,0,0,0,0,0,0,0,0,0,0,0,0,0,0,0,0,0,0,0,0
1000000,1,0,0,0,0,3.5,4.0,0.6,3.5,4.0,0.4,5.5,0.3,1.0,5.5,0.3,1.0,3.0,3.0,integer_times,1,i+r,29,0.6250749850029994,10000,0,0,0,0,0,0,0,0,0,0,0,0,0,0,0,0,0,0,0,0,0,0,0,0,0,0,0,0,0,2,2,4,4,11,25,32,54,85,88,121,165,236,262,322,355,395,418,439,496,435,455,463,391,403,411,384,354,317,299,284,231,225,203,178,182,162,136,101,107,98,90,76,63,53,49,38,35,39,20,28,14,21,16,12,15,14,10,14,13,4,5,3,3,3,5,1,4,1,2,2,0,0,3,2,1,1,0,0,1,0,0,2,0,0,0,0,0,0,1,0,1,0,0,0,0,0,0,0,0,0,0,0,0,0,0,0,0,0,0,0,0,0,0,0,0,0,0,0,0,0,0,0,0,0,0,0,0,0,0,0,0,0,0,0,0,0,0,0,0,0,0,0,0,0,0,0,0,0,0,0,0,0,0,0,0,0,0,0,0,0,0,0,0,0,0,0,0,0,0,0,0,0,0,0,0,0,0,0,0,0,0,0,0,0,0,0,0,0,0,0,0,0,0,0,0,0,0,0,0,0,0,0,0,0,0,0,0,0,0,0,0,0,0,0,0,0,0,0,0,0,0,0,0,0,0,0,0,0,0,0,0,0,0,0,0,0,0,0,0,0,0,0,0,0,0,0,0,0,0,0,0,0,0,0,0,0,0,0,0
1000000,1,0,0,0,0,3.5,4.0,0.6,3.5,4.0,0.4,5.5,0.7,1.0,5.5,0.7,1.0,2.0,2.0,integer_times,1,i+r,29,0.5702806067637832,10000,0,0,0,0,0,0,0,0,0,0,0,0,0,0,0,0,0,0,0,0,0,0,0,0,0,0,0,0,0,0,0,0,0,0,0,0,0,0,1,1,2,2,6,7,8,19,23,37,37,60,73,91,110,147,162,215,235,246,267,290,304,339,324,308,355,311,317,333,305,325,302,284,296,280,224,250,223,190,210,188,179,151,150,150,131,130,122,101,96,87,81,79,71,68,63,45,46,33,39,40,44,24,38,30,19,19,16,18,19,22,14,13,16,13,11,8,3,9,7,7,5,6,2,6,4,6,9,1,4,5,5,2,2,2,0,1,2,3,0,0,0,2,1,2,3,1,0,0,3,0,0,0,0,1,1,0,0,0,1,0,0,0,0,0,0,0,0,0,0,0,0,0,0,0,1,0,0,0,0,0,0,0,0,0,0,0,0,0,0,0,0,0,0,0,0,0,0,0,0,0,0,0,0,0,0,0,0,0,0,0,0,0,0,0,0,0,0,0,0,0,0,0,0,0,0,0,0,0,0,0,0,0,0,0,0,0,0,0,0,0,0,0,0,0,0,0,0,0,0,0,0,0,0,0,0,0,0,0,0,0,0,0,0,0,0,0,0,0,0,0,0,0,0,0,0,0,0,0,0,0,0,0,0,0,0,0,0,0,0
1000000,1,0,0,0,0,3.5,4.0,0.6,3.5,4.0,0.4,5.5,0.7,1.0,5.5,0.7,1.0,3.0,3.0,integer_times,1,i+r,29,0.4179617018799837,10000,0,0,0,0,0,0,0,0,0,0,0,0,0,0,0,0,0,0,0,0,0,0,0,0,0,0,0,4,16,39,49,108,147,205,277,361,445,491,548,594,624,604,555,593,547,437,427,377,342,279,274,219,236,168,167,133,95,108,85,56,52,42,53,34,31,26,15,17,18,16,23,11,7,5,5,6,7,4,3,3,1,2,0,1,0,1,1,0,1,1,2,0,0,1,1,0,0,0,0,0,0,0,0,0,0,0,0,0,0,0,0,0,0,0,0,0,0,0,0,0,0,0,0,0,0,0,0,0,0,0,0,0,0,0,0,0,0,0,0,0,0,0,0,0,0,0,0,0,0,0,0,0,0,0,0,0,0,0,0,0,0,0,0,0,0,0,0,0,0,0,0,0,0,0,0,0,0,0,0,0,0,0,0,0,0,0,0,0,0,0,0,0,0,0,0,0,0,0,0,0,0,0,0,0,0,0,0,0,0,0,0,0,0,0,0,0,0,0,0,0,0,0,0,0,0,0,0,0,0,0,0,0,0,0,0,0,0,0,0,0,0,0,0,0,0,0,0,0,0,0,0,0,0,0,0,0,0,0,0,0,0,0,0,0,0,0,0,0,0,0,0,0,0,0,0,0,0,0,0,0,0,0,0,0,0,0,0,0,0
1000000,1,0,0,0,0,3.5,4.0,0.2,3.5,4.0,0.8,5.5,0.3,1.0,5.5,0.3,1.0,2.0,2.0,integer_times,1,i+r,29,0.7344521748366881,10000,0,0,0,0,0,0,0,0,0,0,0,0,0,0,0,0,0,0,0,0,0,0,0,0,0,0,0,0,0,0,0,0,0,0,0,0,0,0,0,0,0,0,0,0,0,0,0,0,0,0,0,0,0,0,0,0,0,0,0,0,0,0,0,0,0,0,1,0,1,2,3,4,5,9,14,15,22,26,35,34,50,41,69,87,97,103,123,118,130,147,141,156,174,202,193,231,214,250,240,223,247,217,249,238,218,255,234,207,252,223,196,200,200,223,199,191,168,183,147,132,149,146,148,119,114,138,112,85,107,90,100,102,84,79,77,60,53,57,50,44,45,41,45,42,30,34,40,31,26,21,29,26,25,19,12,25,13,17,18,15,12,8,9,14,7,7,7,11,9,8,4,4,9,5,3,7,5,2,3,4,3,2,4,5,4,2,2,1,1,4,1,2,0,1,1,1,3,0,1,0,0,0,0,0,3,1,0,2,1,1,0,0,0,0,3,0,0,0,0,0,0,1,0,1,2,0,0,1,0,0,0,0,0,0,0,0,0,0,0,0,0,0,0,0,0,0,0,0,0,0,0,0,0,0,0,0,0,0,0,0,0,0,0,0,0,0,0,0,0,0,0,0,0,0,0,0,0,0,0,0,0,0,0,0,0,0,0,0,1
1000000,1,0,0,0,0,3.5,4.0,0.2,3.5,4.0,0.8,5.5,0.3,1.0,5.5,0.3,1.0,3.0,3.0,integer_times,1,i+r,29,0.6238338850436353,10000,0,0,0,0,0,0,0,0,0,0,0,0,0,0,0,0,0,0,0,0,0,0,0,0,0,0,0,0,0,0,0,0,0,0,0,0,0,0,0,0,0,2,2,11,16,23,40,70,86,120,160,204,269,290,351,375,406,403,430,443,464,445,456,443,358,365,346,348,360,276,292,203,233,207,171,116,123,109,114,89,96,77,61,55,62,46,44,46,30,29,31,25,22,20,15,14,9,10,16,12,7,8,5,7,4,5,3,3,4,2,1,3,0,2,1,1,0,0,1,0,1,1,0,0,0,0,0,1,0,1,0,0,0,0,0,0,0,0,0,0,0,0,0,0,0,0,0,0,0,0,0,0,0,0,0,0,0,0,0,0,0,0,0,0,0,0,0,0,0,0,0,0,0,0,0,0,0,0,0,0,0,0,0,0,0,0,0,0,0,0,0,0,0,0,0,0,0,0,0,0,0,0,0,0,0,0,0,0,0,0,0,0,0,0,0,0,0,0,0,0,0,0,0,0,0,0,0,0,0,0,0,0,0,0,0,0,0,0,0,0,0,0,0,0,0,0,0,0,0,0,0,0,0,0,0,0,0,0,0,0,0,0,0,0,0,0,0,0,0,0,0,0,0,0,0,0,0,0,0,0,0,0,0,0,0,0,0,0,0
1000000,1,0,0,0,0,3.5,4.0,0.2,3.5,4.0,0.8,5.5,0.7,1.0,5.5,0.7,1.0,2.0,2.0,integer_times,1,i+r,29,0.5727956254272044,10000,0,0,0,0,0,0,0,0,0,0,0,0,0,0,0,0,0,0,0,0,0,0,0,0,0,0,0,0,0,0,0,0,0,0,0,0,0,0,0,0,0,0,0,0,0,0,0,0,0,1,0,0,0,0,2,2,2,12,12,22,24,48,71,69,90,103,134,166,205,213,235,252,252,270,274,337,326,306,308,356,305,325,323,283,302,316,288,250,266,235,243,202,203,177,185,152,162,132,125,116,98,112,97,90,81,70,68,64,45,53,48,39,46,28,26,27,25,15,34,19,18,22,18,20,17,14,14,6,10,10,6,6,10,5,4,7,3,1,5,2,5,2,2,1,4,2,2,1,4,1,2,1,0,1,0,0,0,1,2,1,0,0,0,1,0,0,1,0,0,0,0,0,0,0,0,0,0,0,0,0,0,0,0,0,0,0,0,0,0,0,0,1,0,0,0,0,0,0,0,0,0,0,0,0,0,0,0,0,0,0,0,0,0,0,0,0,0,0,0,0,0,0,0,0,0,0,0,0,0,0,0,0,0,0,0,0,0,0,0,0,0,0,0,0,0,0,0,0,0,0,0,0,0,0,0,0,0,0,0,0,0,0,0,0,0,0,0,0,0,0,0,0,0,0,0,0,0,0,0,0,0,0,0,0,0,0,0,0,0
1000000,1,0,0,0,0,3.5,4.0,0.2,3.5,4.0,0.8,5.5,0.7,1.0,5.5,0.7,1.0,3.0,3.0,integer_times,1,i+r,29,0.4145541830103624,10000,0,0,0,0,0,0,0,0,0,0,0,0,0,0,0,0,0,0,0,0,0,0,0,0,0,0,0,0,0,0,0,0,1,0,1,8,22,36,64,112,148,248,305,339,459,544,564,591,632,584,593,546,519,447,405,392,333,270,250,227,208,177,141,130,101,96,80,71,56,52,32,33,26,33,20,13,18,6,15,3,5,7,6,3,5,4,2,3,3,4,1,1,0,0,0,2,1,0,0,0,0,0,0,1,0,0,0,0,0,0,0,0,0,0,1,0,0,0,0,0,0,0,0,0,0,0,0,0,0,0,0,0,0,0,0,0,0,0,0,0,0,0,0,0,0,0,0,0,0,0,0,0,0,0,0,0,0,0,0,0,0,0,0,0,0,0,0,0,0,0,0,0,0,0,0,0,0,0,0,0,0,0,0,0,0,0,0,0,0,0,0,0,0,0,0,0,0,0,0,0,0,0,0,0,0,0,0,0,0,0,0,0,0,0,0,0,0,0,0,0,0,0,0,0,0,0,0,0,0,0,0,0,0,0,0,0,0,0,0,0,0,0,0,0,0,0,0,0,0,0,0,0,0,0,0,0,0,0,0,0,0,0,0,0,0,0,0,0,0,0,0,0,0,0,0,0,0,0,0,0,0,0,0,0,0,0,0,0,0
1000000,2,0,0,0,0,3.5,4.0,0.6,3.5,4.0,0.4,5.5,0.3,1.0,5.5,0.3,1.0,2.0,2.0,integer_times,1,i+r,29,0.5496915387040122,10000,0,0,0,0,0,0,0,0,0,0,0,0,0,0,0,0,0,0,0,0,0,0,0,0,0,0,0,0,0,0,0,0,0,0,0,0,0,0,0,0,0,0,0,0,0,0,0,1,1,3,7,3,11,8,14,18,23,33,44,59,54,75,61,90,99,110,115,149,151,173,160,199,184,214,218,223,240,248,221,242,229,243,261,276,227,234,221,238,183,217,229,183,204,144,200,179,155,175,135,150,136,133,119,127,133,113,97,80,95,83,76,74,81,58,68,63,62,49,37,46,54,49,41,46,27,28,30,21,29,19,22,19,18,21,19,15,19,15,18,17,14,9,10,10,11,7,10,8,11,13,11,6,6,7,7,3,3,3,1,3,3,5,2,3,2,3,1,1,3,4,2,3,2,0,0,0,0,1,1,2,2,1,1,1,0,0,1,0,1,2,0,1,0,0,0,1,1,0,1,0,1,0,0,0,1,0,0,0,0,0,1,0,0,0,0,0,0,0,0,0,0,0,0,0,0,0,0,0,0,1,0,0,0,0,0,0,0,1,0,0,0,0,0,0,0,0,0,0,0,0,0,0,0,0,0,0,0,0,0,0,0,0,0,0,0,0,0,0,0,0,0,0,0,0,0,0,0,0,0,0,0,0,0,0,0,0,0,0,0
1000000,2,0,0,0,0,3.5,4.0,0.6,3.5,4.0,0.4,5.5,0.3,1.0,5.5,0.3,1.0,3.0,3.0,integer_times,1,i+r,29,0.3924296737347348,10000,0,0,0,0,0,0,0,0,0,0,0,0,0,0,0,0,0,0,0,0,0,0,0,0,0,0,0,0,0,1,1,10,11,28,38,72,97,137,174,229,274,323,380,361,415,446,467,425,486,414,482,398,376,365,358,340,324,278,233,248,172,200,157,154,117,102,109,92,80,71,66,69,44,47,37,28,25,28,30,20,14,18,19,8,14,8,8,12,6,7,5,7,8,3,4,1,1,3,1,0,3,2,3,0,1,0,1,2,1,0,0,0,0,0,0,0,0,0,0,0,0,1,0,0,0,0,0,0,0,0,0,0,0,0,0,0,0,0,0,0,0,0,0,0,0,0,0,0,0,0,0,0,0,0,0,0,0,0,0,0,0,0,0,0,0,0,0,0,0,0,0,0,0,0,0,0,0,0,0,0,0,0,0,0,0,0,0,0,0,0,0,0,0,0,0,0,0,0,0,0,0,0,0,0,0,0,0,0,0,0,0,0,0,0,0,0,0,0,0,0,0,0,0,0,0,0,0,0,0,0,0,0,0,0,0,0,0,0,0,0,0,0,0,0,0,0,0,0,0,0,0,0,0,0,0,0,0,0,0,0,0,0,0,0,0,0,0,0,0,0,0,0,0,0,0,0,0,0,0,0,0,0,0,0,0,0,0,0,0
1000000,2,0,0,0,0,3.5,4.0,0.6,3.5,4.0,0.4,5.5,0.7,1.0,5.5,0.7,1.0,2.0,2.0,integer_times,1,i+r,29,0.3178252268231121,10000,0,0,0,0,0,0,0,0,0,0,0,0,0,0,0,0,0,0,0,0,0,0,0,0,0,0,0,0,0,0,0,0,0,0,0,0,1,1,2,3,5,17,9,23,36,55,59,105,90,119,146,175,198,219,252,245,276,309,330,286,329,313,336,356,346,333,292,307,296,307,270,283,240,219,222,172,162,173,144,161,156,126,103,125,95,99,102,75,70,72,72,50,56,50,56,46,40,26,40,26,30,21,18,23,18,13,13,17,7,6,15,13,11,11,6,8,7,3,4,7,3,1,5,1,3,5,4,2,2,2,2,0,1,1,2,0,0,2,1,0,0,0,0,0,0,0,0,0,0,0,1,0,0,0,1,1,0,0,0,0,1,0,0,0,0,0,0,0,0,0,0,0,0,0,1,0,0,0,0,0,0,0,0,0,0,0,0,0,0,0,0,0,0,0,0,0,0,0,0,0,0,0,0,0,0,0,0,0,0,0,0,0,0,0,0,0,0,0,0,0,0,0,0,0,0,0,0,0,0,0,0,0,0,0,0,0,0,0,0,0,0,0,0,0,0,0,0,0,0,0,0,0,0,0,0,0,0,0,0,0,0,0,0,0,0,0,0,0,0,0,0,0,0,0,0,0,0,0,0,0,0,0,0,0,0,0,0,0,0
1000000,2,0,0,0,0,3.5,4.0,0.6,3.5,4.0,0.4,5.5,0.7,1.0,5.5,0.7,1.0,3.0,3.0,integer_times,1,i+r,29,0.17307533283717857,10000,0,0,0,0,0,0,0,0,0,0,0,0,0,0,0,0,0,0,0,0,0,0,0,1,0,3,11,30,64,115,163,279,364,452,525,550,613,611,662,641,627,523,452,422,381,355,286,260,241,214,174,139,126,95,88,68,82,64,46,42,24,33,25,20,24,22,17,8,8,7,6,2,5,8,6,2,1,4,1,0,2,0,1,2,2,1,0,0,0,0,0,0,0,0,0,0,0,0,0,0,0,0,0,0,0,0,0,0,0,0,0,0,0,0,0,0,0,0,0,0,0,0,0,0,0,0,0,0,0,0,0,0,0,0,0,0,0,0,0,0,0,0,0,0,0,0,0,0,0,0,0,0,0,0,0,0,0,0,0,0,0,0,0,0,0,0,0,0,0,0,0,0,0,0,0,0,0,0,0,0,0,0,0,0,0,0,0,0,0,0,0,0,0,0,0,0,0,0,0,0,0,0,0,0,0,0,0,0,0,0,0,0,0,0,0,0,0,0,0,0,0,0,0,0,0,0,0,0,0,0,0,0,0,0,0,0,0,0,0,0,0,0,0,0,0,0,0,0,0,0,0,0,0,0,0,0,0,0,0,0,0,0,0,0,0,0,0,0,0,0,0,0,0,0,0,0,0,0,0,0,0,0,0,0,0,0,0,0,0
1000000,2,0,0,0,0,3.5,4.0,0.2,3.5,4.0,0.8,5.5,0.3,1.0,5.5,0.3,1.0,2.0,2.0,integer_times,1,i+r,29,0.5434832230084455,10000,0,0,0,0,0,0,0,0,0,0,0,0,0,0,0,0,0,0,0,0,0,0,0,0,0,0,0,0,0,0,0,0,0,0,0,0,0,0,0,0,0,0,0,0,0,0,0,0,0,0,0,0,0,0,0,0,0,0,0,0,0,1,0,0,0,1,0,0,1,3,8,10,9,22,21,23,36,29,45,57,82,71,108,119,107,156,126,168,160,195,194,209,203,210,220,240,199,225,224,265,237,256,241,219,204,218,230,230,205,207,206,215,182,190,184,161,173,155,151,144,133,117,116,94,101,93,103,78,91,74,77,58,88,75,61,59,55,41,42,32,29,35,35,43,35,28,29,27,28,26,22,28,16,22,17,18,15,18,11,11,9,10,13,8,6,10,8,6,3,6,7,7,8,9,0,6,1,3,2,2,6,1,1,4,4,2,2,2,1,0,2,3,2,0,0,0,1,1,0,2,0,0,0,0,1,1,0,0,0,1,1,0,0,0,0,0,0,0,1,0,0,0,0,0,0,0,0,0,1,0,0,0,0,0,0,0,0,0,0,0,0,0,0,0,0,0,0,0,0,0,0,0,0,0,0,0,0,0,0,0,0,0,0,0,0,0,0,0,0,0,0,0,0,0,0,0,0,0,0,0,0,0,0,0,0,0,0,0,0
1000000,2,0,0,0,0,3.5,4.0,0.2,3.5,4.0,0.8,5.5,0.3,1.0,5.5,0.3,1.0,3.0,3.0,integer_times,1,i+r,29,0.3923558364221912,10000,0,0,0,0,0,0,0,0,0,0,0,0,0,0,0,0,0,0,0,0,0,0,0,0,0,0,0,0,0,0,0,0,0,0,0,0,0,1,0,1,3,12,16,24,33,65,91,115,182,219,240,302,322,378,378,397,456,479,463,441,429,455,378,366,343,327,295,305,234,241,220,195,175,174,155,105,118,95,91,73,54,62,59,48,50,49,41,43,26,20,15,16,15,8,11,10,10,8,12,4,8,6,8,3,1,2,3,3,0,3,3,2,1,1,1,0,2,0,0,0,0,0,0,0,0,0,0,0,0,0,0,0,0,0,0,0,0,0,0,0,0,0,0,0,0,0,0,0,0,0,0,0,0,0,0,0,0,0,0,0,0,0,0,0,0,0,0,0,0,0,0,0,0,0,0,0,0,0,0,0,0,0,0,0,0,0,0,0,0,0,0,0,0,0,0,0,0,0,0,0,0,0,0,0,0,0,0,0,0,0,0,0,0,0,0,0,0,0,0,0,0,0,0,0,0,0,0,0,0,0,0,0,0,0,0,0,0,0,0,0,0,0,0,0,0,0,0,0,0,0,0,0,0,0,0,0,0,0,0,0,0,0,0,0,0,0,0,0,0,0,0,0,0,0,0,0,0,0,0,0,0,0,0,0,0,0,0,0,0
1000000,2,0,0,0,0,3.5,4.0,0.2,3.5,4.0,0.8,5.5,0.7,1.0,5.5,0.7,1.0,2.0,2.0,integer_times,1,i+r,29,0.33047670058918055,10000,0,0,0,0,0,0,0,0,0,0,0,0,0,0,0,0,0,0,0,0,0,0,0,0,0,0,0,0,0,0,0,0,0,0,0,0,0,0,0,0,0,0,0,0,0,0,0,1,0,1,1,2,1,6,12,9,15,19,36,47,66,94,99,162,137,200,211,247,260,275,255,307,310,324,327,354,345,367,343,311,320,281,306,275,278,218,227,210,191,199,179,168,161,125,158,124,113,103,110,92,77,87,82,61,80,63,55,43,32,31,46,26,36,27,19,15,26,24,19,16,11,12,8,11,11,7,5,4,10,3,3,8,4,8,7,3,3,5,3,2,3,5,0,2,2,2,1,1,0,1,1,0,1,0,1,0,0,0,1,1,0,1,0,0,0,0,0,0,0,0,1,0,0,0,0,1,0,0,0,0,0,0,0,0,0,0,0,0,0,0,0,0,0,0,0,0,0,0,0,0,0,0,0,0,0,0,0,0,0,0,0,0,0,0,0,0,0,0,0,0,0,0,0,0,0,0,0,0,0,0,0,0,0,0,0,0,0,0,0,0,0,0,0,0,0,0,0,0,0,0,0,0,0,0,0,0,0,0,0,0,0,0,0,0,0,0,0,0,0,0,0,0,0,0,0,0,0,0,0,0,0,0,0,0,0,0,0,0,0
1000000,2,0,0,0,0,3.5,4.0,0.2,3.5,4.0,0.8,5.5,0.7,1.0,5.5,0.7,1.0,3.0,3.0,integer_times,1,i+r,29,0.17143093876874638,10000,0,0,0,0,0,0,0,0,0,0,0,0,0,0,0,0,0,0,0,0,0,0,0,0,0,0,0,0,0,0,0,1,4,8,12,32,70,104,191,253,333,430,535,600,648,585,660,604,619,495,514,433,375,326,315,269,212,201,194,133,109,109,94,79,64,56,53,31,35,36,28,20,26,21,11,12,12,8,4,4,5,4,4,3,2,3,2,2,0,0,3,0,0,0,0,1,0,0,0,1,0,1,0,0,0,0,1,0,0,0,0,0,0,0,0,0,0,0,0,0,0,0,0,0,0,0,0,0,0,0,0,0,0,0,0,0,0,0,0,0,0,0,0,0,0,0,0,0,0,0,0,0,0,0,0,0,0,0,0,0,0,0,0,0,0,0,0,0,0,0,0,0,0,0,0,0,0,0,0,0,0,0,0,0,0,0,0,0,0,0,0,0,0,0,0,0,0,0,0,0,0,0,0,0,0,0,0,0,0,0,0,0,0,0,0,0,0,0,0,0,0,0,0,0,0,0,0,0,0,0,0,0,0,0,0,0,0,0,0,0,0,0,0,0,0,0,0,0,0,0,0,0,0,0,0,0,0,0,0,0,0,0,0,0,0,0,0,0,0,0,0,0,0,0,0,0,0,0,0,0,0,0,0,0,0,0,0,0,0
1000000,3,0,0,0,0,3.5,4.0,0.6,3.5,4.0,0.4,5.5,0.3,1.0,5.5,0.3,1.0,2.0,2.0,integer_times,1,i+r,29,0.40592883027386684,10000,0,0,0,0,0,0,0,0,0,0,0,0,0,0,0,0,0,0,0,0,0,0,0,0,0,0,0,0,0,0,0,0,0,0,0,0,0,0,0,0,0,1,0,0,1,0,1,1,2,4,10,9,15,17,23,29,42,45,54,66,66,85,106,113,131,140,144,166,175,186,213,229,211,251,229,214,229,262,243,250,258,249,267,255,212,224,235,224,221,205,175,163,206,141,156,161,134,152,139,128,134,111,115,102,105,83,90,73,70,72,84,82,70,54,56,47,39,51,41,40,36,39,26,36,29,21,22,26,23,21,23,17,14,19,15,17,16,11,17,15,11,9,7,14,11,8,6,7,4,7,6,6,2,5,2,5,9,2,5,6,2,2,3,6,1,1,4,2,2,0,0,1,1,2,2,1,2,0,0,0,1,0,0,0,0,0,0,0,0,1,0,0,1,0,0,1,0,0,0,0,0,0,0,0,0,0,0,0,0,0,0,0,0,0,0,0,0,0,0,0,0,0,0,0,0,0,0,0,0,0,0,0,0,0,1,0,0,0,0,0,0,1,0,0,0,0,0,0,0,0,0,0,0,0,0,0,0,0,0,0,0,0,0,0,0,0,0,0,0,0,0,0,0,0,0,0,0,0,0,0,0,0,0,0,0,0,0,0,0
1000000,3,0,0,0,0,3.5,4.0,0.6,3.5,4.0,0.4,5.5,0.3,1.0,5.5,0.3,1.0,3.0,3.0,integer_times,1,i+r,29,0.23792104862063712,10000,0,0,0,0,0,0,0,0,0,0,0,0,0,0,0,0,0,0,0,0,0,0,0,0,0,0,0,0,1,4,7,13,20,60,80,117,166,254,283,339,339,379,410,443,462,469,491,485,432,421,390,378,325,309,300,268,238,238,228,193,156,174,136,99,93,87,96,76,68,54,46,41,43,36,32,27,21,23,22,22,11,10,7,7,3,7,13,6,5,4,6,2,5,4,3,2,5,1,1,1,0,0,0,0,0,0,0,3,0,0,0,0,0,0,0,0,0,0,0,0,0,0,0,0,0,0,0,0,0,0,0,0,0,0,0,0,0,0,0,0,0,0,0,0,0,0,0,0,0,0,0,0,0,0,0,0,0,0,0,0,0,0,0,0,0,0,0,0,0,0,0,0,0,0,0,0,0,0,0,0,0,0,0,0,0,0,0,0,0,0,0,0,0,0,0,0,0,0,0,0,0,0,0,0,0,0,0,0,0,0,0,0,0,0,0,0,0,0,0,0,0,0,0,0,0,0,0,0,0,0,0,0,0,0,0,0,0,0,0,0,0,0,0,0,0,0,0,0,0,0,0,0,0,0,0,0,0,0,0,0,0,0,0,0,0,0,0,0,0,0,0,0,0,0,0,0,0,0,0,0,0,0,0,0,0,0,0,0,0
1000000,3,0,0,0,0,3.5,4.0,0.6,3.5,4.0,0.4,5.5,0.7,1.0,5.5,0.7,1.0,2.0,2.0,integer_times,1,i+r,29,0.18327344005227053,10000,0,0,0,0,0,0,0,0,0,0,0,0,0,0,0,0,0,0,0,0,0,0,0,0,0,0,0,0,0,0,0,0,0,0,0,3,1,4,2,12,13,19,32,56,61,73,99,122,145,186,240,215,304,326,333,359,357,372,381,309,375,337,334,347,321,276,285,242,249,247,233,185,193,180,175,143,122,127,132,128,114,96,95,95,77,64,62,61,68,58,49,45,42,31,33,27,25,27,23,15,28,19,20,16,17,13,12,10,12,9,8,4,4,11,5,1,2,6,6,3,5,2,3,1,4,2,1,1,1,1,2,1,2,0,1,0,1,0,0,0,0,0,0,0,0,1,0,0,0,0,0,0,0,1,0,0,0,0,0,0,0,0,0,0,0,0,0,1,0,0,0,0,0,0,0,0,0,0,0,1,0,0,0,0,0,0,0,0,0,0,0,0,0,0,0,0,0,0,0,0,0,0,0,0,0,0,0,0,0,0,0,0,0,0,0,0,0,0,0,0,0,0,0,0,0,0,0,0,0,0,0,0,0,0,0,0,0,0,0,0,0,0,0,0,0,0,0,0,0,0,0,0,0,0,0,0,0,0,0,0,0,0,0,0,0,0,0,0,0,0,0,0,0,0,0,0,0,0,0,0,0,0,0,0,0,0,0,0,0
1000000,3,0,0,0,0,3.5,4.0,0.6,3.5,4.0,0.4,5.5,0.7,1.0,5.5,0.7,1.0,3.0,3.0,integer_times,1,i+r,29,0.07019990701999068,10000,0,0,0,0,0,0,0,0,0,0,0,0,0,0,0,0,0,0,0,0,0,0,0,0,5,25,39,78,159,247,366,432,521,647,685,705,719,647,611,578,473,470,390,339,281,238,196,168,138,123,101,101,85,65,58,50,40,36,34,29,12,17,15,11,8,7,8,2,5,4,7,7,1,1,2,4,2,1,2,1,0,1,1,1,0,0,0,1,0,0,0,0,0,0,0,0,0,0,0,0,0,0,0,0,0,0,0,0,0,0,0,0,0,0,0,0,0,0,0,0,0,0,0,0,0,0,0,0,0,0,0,0,0,0,0,0,0,0,0,0,0,0,0,0,0,0,0,0,0,0,0,0,0,0,0,0,0,0,0,0,0,0,0,0,0,0,0,0,0,0,0,0,0,0,0,0,0,0,0,0,0,0,0,0,0,0,0,0,0,0,0,0,0,0,0,0,0,0,0,0,0,0,0,0,0,0,0,0,0,0,0,0,0,0,0,0,0,0,0,0,0,0,0,0,0,0,0,0,0,0,0,0,0,0,0,0,0,0,0,0,0,0,0,0,0,0,0,0,0,0,0,0,0,0,0,0,0,0,0,0,0,0,0,0,0,0,0,0,0,0,0,0,0,0,0,0,0,0,0,0,0,0,0,0,0,0,0,0,0
1000000,3,0,0,0,0,3.5,4.0,0.2,3.5,4.0,0.8,5.5,0.3,1.0,5.5,0.3,1.0,2.0,2.0,integer_times,1,i+r,29,0.4127319708715057,10000,0,0,0,0,0,0,0,0,0,0,0,0,0,0,0,0,0,0,0,0,0,0,0,0,0,0,0,0,0,0,0,0,0,0,0,0,0,0,0,0,0,0,0,0,0,0,0,0,0,0,0,0,0,0,0,0,0,0,0,0,0,0,0,1,2,1,1,5,8,2,10,15,22,17,36,37,49,69,80,82,94,97,115,129,141,156,169,193,186,214,220,216,232,240,226,235,253,247,255,237,241,237,249,213,211,185,205,214,209,203,211,192,172,164,168,135,141,119,120,120,106,114,98,110,99,92,86,81,63,75,59,60,58,54,56,47,44,44,41,39,36,34,31,30,28,32,19,26,24,21,11,14,14,23,14,15,13,12,7,10,11,9,7,9,4,8,10,9,7,3,7,4,5,3,1,7,3,3,4,4,2,3,3,0,1,2,2,0,0,4,2,2,0,1,1,1,1,2,0,0,0,1,1,2,0,1,0,2,0,0,0,0,0,0,0,1,0,1,0,0,0,0,0,0,0,0,1,0,1,0,0,0,0,0,0,1,0,0,0,0,0,0,0,0,0,0,0,0,0,0,0,0,1,0,0,1,0,0,0,0,0,0,0,0,0,0,0,0,0,0,0,0,0,0,0,0,0,0,0,0,0,0,0,0,0,0,0,0,0
1000000,3,0,0,0,0,3.5,4.0,0.2,3.5,4.0,0.8,5.5,0.3,1.0,5.5,0.3,1.0,3.0,3.0,integer_times,1,i+r,29,0.24840285606914692,10000,0,0,0,0,0,0,0,0,0,0,0,0,0,0,0,0,0,0,0,0,0,0,0,0,0,0,0,0,0,0,0,0,0,0,0,0,0,0,1,0,4,22,32,45,62,130,137,188,250,293,355,396,420,464,466,453,479,444,417,407,420,427,365,346,319,276,242,239,212,187,153,160,150,123,124,86,76,84,50,70,61,51,29,35,35,32,21,19,23,18,17,9,14,8,9,4,7,7,5,1,3,2,3,2,2,2,1,2,1,0,0,0,0,0,0,0,2,0,0,0,0,0,0,1,0,0,0,0,0,0,0,0,0,0,0,0,0,0,0,0,0,0,0,0,0,0,0,0,0,0,0,0,0,0,0,0,0,0,0,0,0,0,0,0,0,0,0,0,0,0,0,0,0,0,0,0,0,0,0,0,0,0,0,0,0,0,0,0,0,0,0,0,0,0,0,0,0,0,0,0,0,0,0,0,0,0,0,0,0,0,0,0,0,0,0,0,0,0,0,0,0,0,0,0,0,0,0,0,0,0,0,0,0,0,0,0,0,0,0,0,0,0,0,0,0,0,0,0,0,0,0,0,0,0,0,0,0,0,0,0,0,0,0,0,0,0,0,0,0,0,0,0,0,0,0,0,0,0,0,0,0,0,0,0,0,0,0,0,0
1000000,3,0,0,0,0,3.5,4.0,0.2,3.5,4.0,0.8,5.5,0.7,1.0,5.5,0.7,1.0,2.0,2.0,integer_times,1,i+r,29,0.19159256265157643,10000,0,0,0,0,0,0,0,0,0,0,0,0,0,0,0,0,0,0,0,0,0,0,0,0,0,0,0,0,0,0,0,0,0,0,0,0,0,0,0,0,0,0,0,0,0,0,0,1,0,2,2,4,6,15,14,34,33,63,67,73,109,144,175,198,192,285,311,307,286,314,368,351,326,366,384,373,330,307,312,292,296,268,261,224,230,216,195,191,167,172,131,134,121,112,96,88,103,78,91,66,47,67,55,48,50,33,29,35,30,32,21,19,29,20,22,18,9,12,13,10,11,6,9,11,14,4,3,7,2,1,3,5,4,3,3,2,3,0,1,2,3,1,2,3,1,1,0,0,0,1,1,1,2,0,0,0,0,0,0,0,0,0,1,0,0,0,1,0,1,0,1,0,0,1,0,0,0,1,0,0,0,0,1,0,0,0,0,0,0,0,0,0,0,0,0,0,0,0,0,0,0,0,0,0,0,0,0,0,0,0,0,0,0,0,0,0,0,0,0,0,0,0,0,0,0,0,0,0,0,0,0,0,0,0,0,0,0,0,0,0,0,0,0,0,0,0,0,0,0,0,0,0,0,0,0,0,0,0,0,0,0,0,0,0,0,0,0,0,0,0,0,0,0,0,0,0,0,0,0,0,0,0,0,0,0,0,0,0,0
1000000,3,0,0,0,0,3.5,4.0,0.2,3.5,4.0,0.8,5.5,0.7,1.0,5.5,0.7,1.0,3.0,3.0,integer_times,1,i+r,29,0.07123618463824655,10000,0,0,0,0,0,0,0,0,0,0,0,0,0,0,0,0,0,0,0,0,0,0,0,0,0,0,0,0,0,0,1,1,14,19,47,108,164,242,370,467,533,642,703,673,665,685,615,569,466,388,410,335,285,227,187,184,134,126,114,94,76,69,75,45,43,39,26,26,21,20,13,10,11,7,8,7,4,11,7,2,2,1,2,1,0,1,2,0,0,0,1,0,0,1,0,0,0,0,0,0,0,0,0,0,0,0,0,0,0,1,0,0,0,0,0,0,0,0,0,0,0,0,0,0,0,0,0,0,0,0,0,0,0,0,0,0,0,0,0,0,0,0,0,0,0,0,0,0,0,0,0,0,0,0,0,0,0,0,0,0,0,0,0,0,0,0,0,0,0,0,0,0,0,0,0,0,0,0,0,0,0,0,0,0,0,0,0,0,0,0,0,0,0,0,0,0,0,0,0,0,0,0,0,0,0,0,0,0,0,0,0,0,0,0,0,0,0,0,0,0,0,0,0,0,0,0,0,0,0,0,0,0,0,0,0,0,0,0,0,0,0,0,0,0,0,0,0,0,0,0,0,0,0,0,0,0,0,0,0,0,0,0,0,0,0,0,0,0,0,0,0,0,0,0,0,0,0,0,0,0,0,0,0,0,0,0,0,0,0
